,peptide_x,peptide_num,sample_name,affinity,best_allele,processing_score,presentation_score,presentation_percentile,parent_peptide,peptide_y,antigenicity,toxicity,allergenicity
0,FVVVGLIFI,0,sample1,36.83637284497811,HLA-A*02:01,0.0361540101002901,0.7208456382107462,0.4032608695652158,ITLRALGALFVVVGLIFIWSPVF,ITLRALGALFVVVGLIFIWSPVF,0.88,Non-toxic,Allergen
1,KKLSLLNKM,1,sample1,422.3682550568951,HLA-B*27:05,0.1816935921087861,0.287836860961257,1.4107065217390442,ITLRIKFIKKLSLLNKMIILK,ITLRIKFIKKLSLLNKMIILK,0.73,Non-toxic,Non-allergen
2,RTAMRTARR,2,sample1,2618.7335268305847,HLA-B*27:05,0.0161755293374881,0.0368328089363193,6.792608695652163,VTLRMTMRMAMRTAMRTARRTAIRIAMRIA,VTLRMTMRMAMRTAMRTARRTAIRIAMRIA,0.91,Non-toxic,Allergen
3,VGLIFIWSP,3,sample1,20443.201906020862,HLA-B*27:05,0.0926447644014842,0.0067638807687504,37.35904891304347,ITLRALGALFVVVGLIFIWSPVF,ITLRALGALFVVVGLIFIWSPVF,0.88,Non-toxic,Allergen
4,RAVLSFIFF,4,sample1,429.76623842624855,HLA-A*24:02,0.1214432464912533,0.2430641504206484,1.60233695652164,FTLRAVLSFIFFAIFYICLSTTFR,FTLRAVLSFIFFAIFYICLSTTFR,0.85,Non-toxic,Non-allergen
5,YILRMRLMF,5,sample1,456.3524535599642,HLA-A*24:02,0.0513010854483582,0.1911693834117415,1.898478260869496,FTLRAYFKWYILRMRLMFGKIN,FTLRAYFKWYILRMRLMFGKIN,0.95,Non-toxic,Non-allergen
6,IKKLSLLNK,6,sample1,466.54945037779305,HLA-B*27:05,0.0610109480621758,0.1931702989783404,1.8842934782608007,ITLRIKFIKKLSLLNKMIILK,ITLRIKFIKKLSLLNKMIILK,0.73,Non-toxic,Non-allergen
7,TMRMAMRTA,7,sample1,12625.623502939594,HLA-B*27:05,0.0914482225489337,0.0107134019400676,22.19230978260869,VTLRMTMRMAMRTAMRTARRTAIRIAMRIA,VTLRMTMRMAMRTAMRTARRTAIRIAMRIA,0.91,Non-toxic,Allergen
8,IFYICLSTT,8,sample1,12110.979774163518,HLA-A*24:02,0.0025304319387942,0.0081652633902879,27.61739130434782,FTLRAVLSFIFFAIFYICLSTTFR,FTLRAVLSFIFFAIFYICLSTTFR,0.85,Non-toxic,Non-allergen
9,VTLRVLDFL,9,sample1,267.90858680054475,HLA-A*02:01,0.1266418765299022,0.3410761042571447,1.2269293478259584,VTLRVLDFLFHVLV,VTLRVLDFLFHVLV,0.69,Toxic,Non-allergen
10,ALGALFVVV,10,sample1,25.65544136080065,HLA-A*02:01,0.3983559375628829,0.929664367409526,0.0778260869565201,ITLRALGALFVVVGLIFIWSPVF,ITLRALGALFVVVGLIFIWSPVF,0.88,Non-toxic,Allergen
11,ITLRALGAL,11,sample1,329.512947812657,HLA-B*27:05,0.0268101237597875,0.2292129097553128,1.671005434782515,ITLRALGALFVVVGLIFIWSPVF,ITLRALGALFVVVGLIFIWSPVF,0.88,Non-toxic,Allergen
12,TLRMTMRMA,12,sample1,16920.211438835988,HLA-A*02:01,0.0262004466349026,0.0064274005033798,37.35904891304347,VTLRMTMRMAMRTAMRTARRTAIRIAMRIA,VTLRMTMRMAMRTAMRTARRTAIRIAMRIA,0.91,Non-toxic,Allergen
13,RMTMRMAMR,13,sample1,1980.9585104050543,HLA-B*27:05,0.0417923589702695,0.0520504440138004,4.968641304347784,VTLRMTMRMAMRTAMRTARRTAIRIAMRIA,VTLRMTMRMAMRTAMRTARRTAIRIAMRIA,0.91,Non-toxic,Allergen
14,TAMRTARRT,14,sample1,21027.882937107435,HLA-B*27:05,0.0042856190648308,0.004823651150632,62.74467391304348,VTLRMTMRMAMRTAMRTARRTAIRIAMRIA,VTLRMTMRMAMRTAMRTARRTAIRIAMRIA,0.91,Non-toxic,Allergen
15,AMRTAMRTA,15,sample1,4955.510934857674,HLA-A*02:01,0.3063600799068808,0.0543377743469705,4.732201086956479,VTLRMTMRMAMRTAMRTARRTAIRIAMRIA,VTLRMTMRMAMRTAMRTARRTAIRIAMRIA,0.91,Non-toxic,Allergen
16,MRMAMRTAM,16,sample1,62.25138869101016,HLA-B*27:05,0.835310235619545,0.9632620073777606,0.0282065217391647,VTLRMTMRMAMRTAMRTARRTAIRIAMRIA,VTLRMTMRMAMRTAMRTARRTAIRIAMRIA,0.91,Non-toxic,Allergen
17,FYICLSTTF,17,sample1,29.15353974357005,HLA-A*24:02,0.5543407564982772,0.9529916352816108,0.0427173913043645,FTLRAVLSFIFFAIFYICLSTTFR,FTLRAVLSFIFFAIFYICLSTTFR,0.85,Non-toxic,Non-allergen
18,RIKFIKKLS,18,sample1,14703.047889913716,HLA-B*27:05,0.0158679993473924,0.0070976822303686,31.64317934782608,ITLRIKFIKKLSLLNKMIILK,ITLRIKFIKKLSLLNKMIILK,0.73,Non-toxic,Non-allergen
19,RAYFKWYIL,19,sample1,1043.59046662958,HLA-B*27:05,0.4238491747528314,0.283377775279879,1.425407608695565,FTLRAYFKWYILRMRLMFGKIN,FTLRAYFKWYILRMRLMFGKIN,0.95,Non-toxic,Non-allergen
20,LSLLNKMII,20,sample1,383.7724503550421,HLA-B*27:05,0.0384583156555891,0.2108822754920813,1.7730978260868966,ITLRIKFIKKLSLLNKMIILK,ITLRIKFIKKLSLLNKMIILK,0.73,Non-toxic,Non-allergen
21,MAMRTAMRT,21,sample1,15610.12866212669,HLA-B*27:05,0.0052334029314806,0.006453611831661,37.35904891304347,VTLRMTMRMAMRTAMRTARRTAIRIAMRIA,VTLRMTMRMAMRTAMRTARRTAIRIAMRIA,0.91,Non-toxic,Allergen
22,KWYILRMRL,22,sample1,200.28596271534445,HLA-A*24:02,0.0552623122930526,0.3478538637029265,1.2049728260868449,FTLRAYFKWYILRMRLMFGKIN,FTLRAYFKWYILRMRLMFGKIN,0.95,Non-toxic,Non-allergen
23,LSFIFFAIF,23,sample1,1601.6530700407618,HLA-A*24:02,0.0088539771204523,0.0566699369936274,4.585733695652138,FTLRAVLSFIFFAIFYICLSTTFR,FTLRAVLSFIFFAIFYICLSTTFR,0.85,Non-toxic,Non-allergen
24,TAIRIAMRI,24,sample1,996.6904198223854,HLA-B*27:05,0.373537071980536,0.2570966863468053,1.5385326086955615,VTLRMTMRMAMRTAMRTARRTAIRIAMRIA,VTLRMTMRMAMRTAMRTARRTAIRIAMRIA,0.91,Non-toxic,Allergen
25,VTLRMTMRM,25,sample1,3401.700487029564,HLA-B*27:05,0.0512010157108306,0.0324833684976593,7.558260869565203,VTLRMTMRMAMRTAMRTARRTAIRIAMRIA,VTLRMTMRMAMRTAMRTARRTAIRIAMRIA,0.91,Non-toxic,Allergen
26,FFAIFYICL,26,sample1,556.6483232813525,HLA-A*24:02,0.0086809332096891,0.1435389634700098,2.2920108695651606,FTLRAVLSFIFFAIFYICLSTTFR,FTLRAVLSFIFFAIFYICLSTTFR,0.85,Non-toxic,Non-allergen
27,MTMRMAMRT,27,sample1,14721.22391040525,HLA-B*27:05,0.0102277138430508,0.0069501327812545,37.35904891304347,VTLRMTMRMAMRTAMRTARRTAIRIAMRIA,VTLRMTMRMAMRTAMRTARRTAIRIAMRIA,0.91,Non-toxic,Allergen
28,TLRAYFKWY,28,sample1,16429.213384997784,HLA-B*27:05,0.0789749175019096,0.007959404588951,31.64317934782608,FTLRAYFKWYILRMRLMFGKIN,FTLRAYFKWYILRMRLMFGKIN,0.95,Non-toxic,Non-allergen
29,AYFKWYILR,29,sample1,4541.048170024753,HLA-A*24:02,0.8511461839079857,0.3006295672844156,1.362934782608605,FTLRAYFKWYILRMRLMFGKIN,FTLRAYFKWYILRMRLMFGKIN,0.95,Non-toxic,Non-allergen
30,RMRLMFGKI,30,sample1,1361.9135741806745,HLA-B*27:05,0.0590966293821111,0.0774930396326034,3.526929347825998,FTLRAYFKWYILRMRLMFGKIN,FTLRAYFKWYILRMRLMFGKIN,0.95,Non-toxic,Non-allergen
31,RALGALFVV,31,sample1,41.0177402627237,HLA-A*02:01,0.3060691878199577,0.8580534863765047,0.1871739130434804,ITLRALGALFVVVGLIFIWSPVF,ITLRALGALFVVVGLIFIWSPVF,0.88,Non-toxic,Allergen
32,RTAIRIAMR,32,sample1,1325.3458720656758,HLA-B*27:05,0.5816716067492962,0.3539934372033995,1.185489130434675,VTLRMTMRMAMRTAMRTARRTAIRIAMRIA,VTLRMTMRMAMRTAMRTARRTAIRIAMRIA,0.91,Non-toxic,Allergen
33,LRVLDFLFH,33,sample1,496.80047005266977,HLA-B*27:05,0.0124974571663187,0.1594652598611916,2.1379619565216643,VTLRVLDFLFHVLV,VTLRVLDFLFHVLV,0.69,Toxic,Non-allergen
34,GALFVVVGL,34,sample1,634.4066375256924,HLA-A*02:01,0.1252986015751958,0.1823353643206326,1.9543478260868736,ITLRALGALFVVVGLIFIWSPVF,ITLRALGALFVVVGLIFIWSPVF,0.88,Non-toxic,Allergen
35,YICLSTTFR,35,sample1,11601.5547096775,HLA-B*27:05,0.0093320185842458,0.0087158300862454,27.61739130434782,FTLRAVLSFIFFAIFYICLSTTFR,FTLRAVLSFIFFAIFYICLSTTFR,0.85,Non-toxic,Non-allergen
36,VLDFLFHVL,36,sample1,34.935407662956464,HLA-A*02:01,0.6202407516539097,0.9554981326546712,0.0396467391304469,VTLRVLDFLFHVLV,VTLRVLDFLFHVLV,0.69,Toxic,Non-allergen
37,GLIFIWSPV,37,sample1,22.525783201801985,HLA-A*02:01,0.0066735622385749,0.7895292945102009,0.2942391304347609,ITLRALGALFVVVGLIFIWSPVF,ITLRALGALFVVVGLIFIWSPVF,0.88,Non-toxic,Allergen
38,IFFAIFYIC,38,sample1,1918.3801718935863,HLA-A*24:02,0.0013394697689363,0.0467958123551909,5.44942934782604,FTLRAVLSFIFFAIFYICLSTTFR,FTLRAVLSFIFFAIFYICLSTTFR,0.85,Non-toxic,Non-allergen
39,FTLRAVLSF,39,sample1,338.08186105675094,HLA-B*27:05,0.2188841712195426,0.3639837204012344,1.1560326086955257,FTLRAVLSFIFFAIFYICLSTTFR,FTLRAVLSFIFFAIFYICLSTTFR,0.85,Non-toxic,Non-allergen
40,FAIFYICLS,40,sample1,12514.561430112357,HLA-A*02:01,0.0095720257231732,0.0081093527540065,27.61739130434782,FTLRAVLSFIFFAIFYICLSTTFR,FTLRAVLSFIFFAIFYICLSTTFR,0.85,Non-toxic,Non-allergen
41,ARRTAIRIA,41,sample1,774.4858481143176,HLA-B*27:05,0.449387471191585,0.3663911775310942,1.147228260869397,VTLRMTMRMAMRTAMRTARRTAIRIAMRIA,VTLRMTMRMAMRTAMRTARRTAIRIAMRIA,0.91,Non-toxic,Allergen
42,SLLNKMIIL,42,sample1,52.5984618538203,HLA-A*02:01,0.5042435042560101,0.9054089811727808,0.1131793478261045,ITLRIKFIKKLSLLNKMIILK,ITLRIKFIKKLSLLNKMIILK,0.73,Non-toxic,Non-allergen
43,FKWYILRMR,43,sample1,10174.809319949496,HLA-B*27:05,0.0867877006385242,0.012966343313094,18.61798913043478,FTLRAYFKWYILRMRLMFGKIN,FTLRAYFKWYILRMRLMFGKIN,0.95,Non-toxic,Non-allergen
44,AIRIAMRIA,44,sample1,18976.646193870485,HLA-B*27:05,0.0984488930553197,0.0074170658143128,31.64317934782608,VTLRMTMRMAMRTAMRTARRTAIRIAMRIA,VTLRMTMRMAMRTAMRTARRTAIRIAMRIA,0.91,Non-toxic,Allergen
45,LRALGALFV,45,sample1,199.09471888730508,HLA-B*27:05,0.1426390917040407,0.4222505897773869,1.0016032608694443,ITLRALGALFVVVGLIFIWSPVF,ITLRALGALFVVVGLIFIWSPVF,0.88,Non-toxic,Allergen
46,MRTARRTAI,46,sample1,123.50610000759691,HLA-B*27:05,0.0827559557510539,0.4846038763648613,0.8537499999998772,VTLRMTMRMAMRTAMRTARRTAIRIAMRIA,VTLRMTMRMAMRTAMRTARRTAIRIAMRIA,0.91,Non-toxic,Allergen
47,TLRALGALF,47,sample1,550.5072711838293,HLA-B*27:05,0.0456507593626156,0.1618370500293006,2.1200543478259988,ITLRALGALFVVVGLIFIWSPVF,ITLRALGALFVVVGLIFIWSPVF,0.88,Non-toxic,Allergen
48,MRTAMRTAR,48,sample1,93.49669952751012,HLA-B*27:05,0.0856544848065823,0.5545424920980069,0.7080978260868562,VTLRMTMRMAMRTAMRTARRTAIRIAMRIA,VTLRMTMRMAMRTAMRTARRTAIRIAMRIA,0.91,Non-toxic,Allergen
49,IKFIKKLSL,49,sample1,210.2858601528407,HLA-B*27:05,0.6800546869635582,0.8227052088135868,0.2427989130434582,ITLRIKFIKKLSLLNKMIILK,ITLRIKFIKKLSLLNKMIILK,0.73,Non-toxic,Non-allergen
50,FTLRAYFKW,50,sample1,1485.4819015067956,HLA-A*24:02,0.1271463285665959,0.0894394360379404,3.1588586956520857,FTLRAYFKWYILRMRLMFGKIN,FTLRAYFKWYILRMRLMFGKIN,0.95,Non-toxic,Non-allergen
51,AIFYICLST,51,sample1,2949.490812440373,HLA-A*02:01,0.0022584440048376,0.0314131090193869,7.778097826086963,FTLRAVLSFIFFAIFYICLSTTFR,FTLRAVLSFIFFAIFYICLSTTFR,0.85,Non-toxic,Non-allergen
52,VVVGLIFIW,52,sample1,2863.9660573317565,HLA-A*24:02,0.0775027530908119,0.0417341068922944,6.047907608695624,ITLRALGALFVVVGLIFIWSPVF,ITLRALGALFVVVGLIFIWSPVF,0.88,Non-toxic,Allergen
53,AVLSFIFFA,53,sample1,24.618249632664,HLA-A*02:01,0.0777825867407955,0.8156877906594103,0.2542934782608625,FTLRAVLSFIFFAIFYICLSTTFR,FTLRAVLSFIFFAIFYICLSTTFR,0.85,Non-toxic,Non-allergen
54,MRLMFGKIN,54,sample1,2522.9336193064696,HLA-B*27:05,0.0051783860217256,0.0367368428646265,6.792608695652163,FTLRAYFKWYILRMRLMFGKIN,FTLRAYFKWYILRMRLMFGKIN,0.95,Non-toxic,Non-allergen
55,LDFLFHVLV,55,sample1,6207.573838460199,HLA-A*02:01,0.0804816703312099,0.020338938435168,11.6303260869565,VTLRVLDFLFHVLV,VTLRVLDFLFHVLV,0.69,Toxic,Non-allergen
56,LRIKFIKKL,56,sample1,62.19346821903711,HLA-B*27:05,0.5841969959437847,0.9152077591274722,0.0978804347825956,ITLRIKFIKKLSLLNKMIILK,ITLRIKFIKKLSLLNKMIILK,0.73,Non-toxic,Non-allergen
57,RRTAIRIAM,57,sample1,57.90078763226649,HLA-B*27:05,0.7275663316249847,0.950531092484658,0.0465217391304406,VTLRMTMRMAMRTAMRTARRTAIRIAMRIA,VTLRMTMRMAMRTAMRTARRTAIRIAMRIA,0.91,Non-toxic,Allergen
58,LRMTMRMAM,58,sample1,73.9914913831179,HLA-B*27:05,0.0337973449495621,0.5653337271235577,0.6854076086955558,VTLRMTMRMAMRTAMRTARRTAIRIAMRIA,VTLRMTMRMAMRTAMRTARRTAIRIAMRIA,0.91,Non-toxic,Allergen
59,LGALFVVVG,59,sample1,13174.571686219368,HLA-B*27:05,0.0027384692948544,0.0075345267561112,31.64317934782608,ITLRALGALFVVVGLIFIWSPVF,ITLRALGALFVVVGLIFIWSPVF,0.88,Non-toxic,Allergen
60,TLRAVLSFI,60,sample1,49.23480491462899,HLA-A*02:01,0.0358382352860644,0.6605483242107054,0.5077173913043254,FTLRAVLSFIFFAIFYICLSTTFR,FTLRAVLSFIFFAIFYICLSTTFR,0.85,Non-toxic,Non-allergen
61,ILRMRLMFG,61,sample1,13719.80587143814,HLA-B*27:05,0.0058539285091683,0.0073253392444125,31.64317934782608,FTLRAYFKWYILRMRLMFGKIN,FTLRAYFKWYILRMRLMFGKIN,0.95,Non-toxic,Non-allergen
62,WYILRMRLM,62,sample1,523.4793403373681,HLA-A*24:02,0.0389659154170658,0.165291226328801,2.086195652173842,FTLRAYFKWYILRMRLMFGKIN,FTLRAYFKWYILRMRLMFGKIN,0.95,Non-toxic,Non-allergen
63,KFIKKLSLL,63,sample1,52.90347713083802,HLA-A*24:02,0.2192491125315427,0.7764089433365795,0.3152445652173554,ITLRIKFIKKLSLLNKMIILK,ITLRIKFIKKLSLLNKMIILK,0.73,Non-toxic,Non-allergen
64,LRAYFKWYI,64,sample1,222.2191723496369,HLA-B*27:05,0.1176524416659958,0.3755023248884094,1.1225271739129,FTLRAYFKWYILRMRLMFGKIN,FTLRAYFKWYILRMRLMFGKIN,0.95,Non-toxic,Non-allergen
65,LIFIWSPVF,65,sample1,585.4386665699612,HLA-A*24:02,0.0440291373524814,0.1531482879672145,2.202255434782515,ITLRALGALFVVVGLIFIWSPVF,ITLRALGALFVVVGLIFIWSPVF,0.88,Non-toxic,Allergen
66,LLNKMIILK,66,sample1,442.66321826126966,HLA-B*27:05,0.3122452888637781,0.3799897851053264,1.111657608695495,ITLRIKFIKKLSLLNKMIILK,ITLRIKFIKKLSLLNKMIILK,0.73,Non-toxic,Non-allergen
67,TARRTAIRI,67,sample1,466.3901305013684,HLA-B*27:05,0.0308848120330367,0.1771468285563111,1.9978260869564368,VTLRMTMRMAMRTAMRTARRTAIRIAMRIA,VTLRMTMRMAMRTAMRTARRTAIRIAMRIA,0.91,Non-toxic,Allergen
68,TLRIKFIKK,68,sample1,1491.6246942828789,HLA-B*27:05,0.6751209907233715,0.4047524062277498,1.0444565217389936,ITLRIKFIKKLSLLNKMIILK,ITLRIKFIKKLSLLNKMIILK,0.73,Non-toxic,Non-allergen
69,FIFFAIFYI,69,sample1,12.76113463680652,HLA-A*02:01,0.0130678045097738,0.8695166432709397,0.1704347826086802,FTLRAVLSFIFFAIFYICLSTTFR,FTLRAVLSFIFFAIFYICLSTTFR,0.85,Non-toxic,Non-allergen
70,SFIFFAIFY,70,sample1,3534.9668974751253,HLA-A*24:02,0.3376235710456967,0.0818154762047619,3.3897826086955547,FTLRAVLSFIFFAIFYICLSTTFR,FTLRAVLSFIFFAIFYICLSTTFR,0.85,Non-toxic,Non-allergen
71,LRAVLSFIF,71,sample1,85.19728713692287,HLA-B*27:05,0.0340980440378189,0.5316879359264884,0.7532880434781362,FTLRAVLSFIFFAIFYICLSTTFR,FTLRAVLSFIFFAIFYICLSTTFR,0.85,Non-toxic,Non-allergen
72,FIKKLSLLN,72,sample1,5998.561215035856,HLA-B*27:05,0.0057287473027827,0.0162083810115811,14.277038043478257,ITLRIKFIKKLSLLNKMIILK,ITLRIKFIKKLSLLNKMIILK,0.73,Non-toxic,Non-allergen
73,VLSFIFFAI,73,sample1,14.76536781564356,HLA-A*02:01,0.009658834838774,0.8510587437213348,0.197744565217377,FTLRAVLSFIFFAIFYICLSTTFR,FTLRAVLSFIFFAIFYICLSTTFR,0.85,Non-toxic,Non-allergen
74,LFVVVGLIF,74,sample1,78.38565663158705,HLA-A*24:02,0.0328659342194441,0.5507011496575037,0.7151086956520629,ITLRALGALFVVVGLIFIWSPVF,ITLRALGALFVVVGLIFIWSPVF,0.88,Non-toxic,Allergen
75,ALFVVVGLI,75,sample1,71.93566364294692,HLA-A*02:01,0.0663609079783782,0.5999897779780738,0.6153804347825371,ITLRALGALFVVVGLIFIWSPVF,ITLRALGALFVVVGLIFIWSPVF,0.88,Non-toxic,Allergen
76,YFKWYILRM,76,sample1,1064.7768146589112,HLA-A*24:02,0.4732494316995144,0.3159373132592297,1.310815217391223,FTLRAYFKWYILRMRLMFGKIN,FTLRAYFKWYILRMRLMFGKIN,0.95,Non-toxic,Non-allergen
77,ITLRIKFIK,77,sample1,1649.8135368450176,HLA-B*27:05,0.182870777323842,0.0975053306485256,2.970652173912967,ITLRIKFIKKLSLLNKMIILK,ITLRIKFIKKLSLLNKMIILK,0.73,Non-toxic,Non-allergen
78,TLRVLDFLF,78,sample1,466.5173172912191,HLA-A*24:02,0.0781801724806428,0.2028256613763464,1.8201630434782032,VTLRVLDFLFHVLV,VTLRVLDFLFHVLV,0.69,Toxic,Non-allergen
79,RMAMRTAMR,79,sample1,1502.0470998406713,HLA-B*27:05,0.157069545937702,0.0974927691650988,2.970652173912967,VTLRMTMRMAMRTAMRTARRTAIRIAMRIA,VTLRMTMRMAMRTAMRTARRTAIRIAMRIA,0.91,Non-toxic,Allergen
80,VVGLIFIWS,80,sample1,18915.217464308276,HLA-A*02:01,0.0020259416414774,0.0053010538846428,46.22467391304348,ITLRALGALFVVVGLIFIWSPVF,ITLRALGALFVVVGLIFIWSPVF,0.88,Non-toxic,Allergen
81,AMRTARRTA,81,sample1,3735.066985986253,HLA-B*07:02,0.003888343424478,0.0252780736108422,9.494239130434764,VTLRMTMRMAMRTAMRTARRTAIRIAMRIA,VTLRMTMRMAMRTAMRTARRTAIRIAMRIA,0.91,Non-toxic,Allergen
82,RTARRTAIR,82,sample1,994.1476865980172,HLA-B*27:05,0.0123012794356327,0.0881262252632562,3.1845108695651163,VTLRMTMRMAMRTAMRTARRTAIRIAMRIA,VTLRMTMRMAMRTAMRTARRTAIRIAMRIA,0.91,Non-toxic,Allergen
83,LRMRLMFGK,83,sample1,84.92396004684413,HLA-B*27:05,0.0066005340704577,0.5081876121675799,0.8042934782607176,FTLRAYFKWYILRMRLMFGKIN,FTLRAYFKWYILRMRLMFGKIN,0.95,Non-toxic,Non-allergen
84,KLSLLNKMI,84,sample1,564.8937831969038,HLA-A*02:01,0.0155735748703591,0.1447856114618799,2.2818206521738347,ITLRIKFIKKLSLLNKMIILK,ITLRIKFIKKLSLLNKMIILK,0.73,Non-toxic,Non-allergen
85,RVLDFLFHV,85,sample1,10.44762985132781,HLA-A*02:01,0.9259090647101402,0.9951346586610436,0.0001902173912782,VTLRVLDFLFHVLV,VTLRVLDFLFHVLV,0.69,Toxic,Non-allergen
